company_cd,client_id,client_name
KLCUBE,555,경찰청
KLCUBE,556,펜타시스템
KLCUBE,557,국립인천해양박물관
KLCUBE,558,국민체육진흥공단
KLCUBE,559,남양주수어통역센터
KLCUBE,560,남양주시청
KLCUBE,561,남양주시청 홍보과
KLCUBE,562,모던텍
KLCUBE,563,법원행정처
KLCUBE,564,식품안전정보원
KLCUBE,565,티플리스
KLCUBE,566,현성컨버전스
KLCUBE,567,KB국민은행
KLCUBE,568,(주)서원
KLCUBE,569,120다산콜재단
KLCUBE,570,건양대학교
KLCUBE,571,문화체육관광부 국립국어원
KLCUBE,572,서울의료원
KLCUBE,573,서울경제진흥원
KLCUBE,574,서울경제진흥원원
KLCUBE,575,에니텍시스
KLCUBE,576,한국승강기안전공단
KLCUBE,577,MG새마을 금고
KLCUBE,578,포시에스
KLCUBE,579,SH서울주택공사
KLCUBE,580,BNK부산은행
KLCUBE,581,알서포트
KLCUBE,582,LG D&O
KLCUBE,583,대구빙상장
KLCUBE,584,KBS
KLCUBE,585,장애인고용공단
KLCUBE,586,아이티센
KLCUBE,587,LS증권
KLCUBE,588,KCC정보통신
KLCUBE,589,카카오뱅크
KLCUBE,590,서울장애인가족지원센터
KLCUBE,591,코레일
KLCUBE,592,국립국어원
KLCUBE,593,SK쉴더스
KLCUBE,594,한국도로교통공단
KLCUBE,595,모비젠
KLCUBE,596,현대캐피탈
KLCUBE,597,KT
KLCUBE,598,평택시청
KLCUBE,599,KT평택지사
KLCUBE,600,KDB생명
KLCUBE,601,코난테크놀로지
KLCUBE,602,중앙전파관리소
KLCUBE,603,국민건강보험공단
KLCUBE,604,엔디에스
KLCUBE,605,현대백화점
KLCUBE,606,부뜰정보시스템
KLCUBE,607,한국무역보험공사
KLCUBE,608,유플러스아이티
KLCUBE,609,다날
KLCUBE,610,120다산콜센터
KLCUBE,611,흥국화재
KLCUBE,612,AXA손해보험
KLCUBE,613,트루본
KLCUBE,614,한국관광공사
KLCUBE,615,남원시
KLCUBE,616,전북테크노파크
KLCUBE,617,라스테크(주)
KLCUBE,618,아마노코리아
KLCUBE,619,엘토브
KLCUBE,620,국립과천과학관
KLCUBE,621,윤커뮤니케이션즈
KLCUBE,622,조선호텔&리조트
KLCUBE,623,국민연금공단
KLCUBE,624,소다미술관
KLCUBE,625,AIA생명보험
KLCUBE,626,아이엔지피플(LG CNS)
KLCUBE,627,KB증권
KLCUBE,628,제주도 교육청
KLCUBE,629,KT클라우드
KLCUBE,630,한국철도공사(코레일)
KLCUBE,631,케이알솔루션
KLCUBE,632,LG그룹
KLCUBE,633,LG슈퍼스타트팀
KLCUBE,634,GS칼텍스
KLCUBE,635,지에스아이티엠(GSITM)
KLCUBE,636,전국지자체
KLCUBE,637,(주)채움씨앤아이
KLCUBE,638,LG CNS
KLCUBE,639,부천도시공사
KLCUBE,640,남양주도시공사
KLCUBE,641,에이치엘엠
KLCUBE,642,본사영업
KLCUBE,643,웅진씽크빅
KLCUBE,644,KB저축은행
KLCUBE,645,KB국민카드
KLCUBE,646,BGF네트웍스
KLCUBE,647,연구개발특구진흥재단
KLCUBE,648,S&I코퍼레이션
KLCUBE,649,서울시 원무팀
KLCUBE,650,롯데백화점
KLCUBE,651,NH농협은행
KLCUBE,652,IBK기업은행
KLCUBE,653,LG CNS&에이텍에이피
KLCUBE,654,서울시
KLCUBE,655,국립국악원
KLCUBE,656,토스뱅크
KLCUBE,657,(주)브리지텍
KLCUBE,658,우리은행
KLCUBE,659,LGCNS
KLCUBE,660,SRT
KLCUBE,661,에이텍모빌리티/지엔시스
KLCUBE,662,삼성전자
KLCUBE,663,미래에셋생명
KLCUBE,664,공공?
KLCUBE,665,더라이즈
KLCUBE,666,이대목동병원
KLCUBE,667,동부병원
KLCUBE,668,경기도의료원/분당서울대병원/원광대학교병원
KLCUBE,669,아르코대학로예술극장
KLCUBE,670,한국증권금융
KLCUBE,671,국립호남권생물자원관
KLCUBE,672,교보라이프플래닛생명보험
KLCUBE,673,유비케어
KLCUBE,674,복스유니버스
KLCUBE,675,가톨릭대학교 성빈센트병원
KLCUBE,676,남양주시수어통역센터
KLCUBE,677,브로드씨엔에스 고객사 중 병원
KLCUBE,678,브로드씨엔에스
KLCUBE,679,파주나비나라박물관
KLCUBE,680,DOWHAT
KLCUBE,681,남양주시
KLCUBE,682,경기도 남양주시
KLCUBE,683,원주시 시설관리공단
KLCUBE,684,경기도장애인복지종합지원센터
KLCUBE,685,부산대병원
KLCUBE,686,아이티아이즈
KLCUBE,687,기상청
KLCUBE,688,(주)러닝플레닛
KLCUBE,689,"부천도시공사 디지털정보팀
(소사스포츠센터)"
KLCUBE,690,천안시
KLCUBE,691,아이비테크 주식회사
KLCUBE,692,ABL생명
KLCUBE,693,유니디아
KLCUBE,694,하나카드
KLCUBE,695,지뉴소프트
KLCUBE,696,부천시
KLCUBE,697,한국가스안전공사
KLCUBE,698,평창군시설관리 공단
KLCUBE,699,서울주택도시개발공사
KLCUBE,700,한국잡월드
KLCUBE,701,예금보험공사
KLCUBE,702,에쎈텍네트웍스
KLCUBE,703,한국지능정보사회진흥원(NIA)
KLCUBE,704,SK텔레콤
KLCUBE,705,한솔인티큐브/브리지텍
KLCUBE,706,한국의료기기안전정보원
KLCUBE,707,문화체육관광부
KLCUBE,708,BC카드
KLCUBE,709,매입운영본부 상담팀
KLCUBE,710,롯데홈쇼핑
KLCUBE,711,수원시 팔달구보건소
KLCUBE,712,경상북도
KLCUBE,713,식약처 식품안전인증과
KLCUBE,714,한국지역정보개발원
KLCUBE,715,중앙사회서비스원
KLCUBE,716,CJ올리브네트웤스
KLCUBE,717,MG새마을금고
KLCUBE,718,더피프티원
KLCUBE,719,SK E&S
KLCUBE,720,고양특례시
KLCUBE,721,고양문화재단
